{"cameraMode":{"drawMode":0,"name":"Shaded","section":"Shading Mode"},"sceneLighting":false,"audioPlay":false,"sceneViewState":{"showFog":false,"showMaterialUpdate":false,"showSkybox":false,"showFlares":false,"showImageEffects":false,"showParticleSystems":false},"in2DMode":false,"pivot":{"x":-1.5180000066757203,"y":0.49799996614456179,"z":-27.239999771118165},"rotation":{"x":-0.06354819983243942,"y":0.1924760788679123,"z":-0.012491785921156407,"w":-0.9791632294654846},"size":0.47216928005218508,"orthographic":false}