{"cameraMode":{"drawMode":0,"name":"Shaded","section":"Shading Mode"},"sceneLighting":false,"audioPlay":false,"sceneViewState":{"showFog":false,"showMaterialUpdate":false,"showSkybox":false,"showFlares":false,"showImageEffects":false,"showParticleSystems":false},"in2DMode":false,"pivot":{"x":0.0412670336663723,"y":3.024944305419922,"z":-0.515388011932373},"rotation":{"x":-0.0470038503408432,"y":0.3995475172996521,"z":-0.02051866427063942,"w":-0.9152766466140747},"size":3.47530198097229,"orthographic":false}